project_id,project_name,brand_family,official_project_url,inquiry_form_url,official_contact_page_url,region,city_area,micro_location,project_type,project_status,current_sales_status,developer_inventory_status,unit_types_offered_json,starting_price_value,starting_price_currency,price_range_min,price_range_max,price_status,pricing_date,pricing_disclaimer,key_amenities_json,golf_flag,beach_access_flag,clubhouse_flag,pools_flag,source_links_json,last_verified_date,confidence_score,disclaimers_json,zones_json,unit_templates_json,listings_json
97_hills,97 Hills,Residential,https://www.palmhillsdevelopments.com/en-us/residential-properties/97-hills,https://www.palmhillsdevelopments.com/en-us/residential-properties/97-hills,https://www.palmhillsdevelopments.com/en-us/contactus,East,New Cairo,Middle Ring Road,residential,under_construction,selling,available,"[""Villa"",""Townhouse"",""Family Home""]",37000000.0,EGP,37000000.0,37000000.0,official,2026-02-10,Starting prices shown on zone cards,"[""Gated Community""]",,,,,"[""https://www.palmhillsdevelopments.com/en-us/residential-properties/97-hills""]",2026-02-10,0.8,"[""Starting prices shown on zone cards"",""BUA/bedroom data not published on official site; available in brochures.""]","[{""zone_name"":""Zone 1"",""source_url"":""https://www.palmhillsdevelopments.com/en-us/residential-properties/97-hills"",""captured_date"":""2026-02-10""}]","[{""unit_type"":""Villa"",""bedrooms"":""unknown"",""bua_range_min_sqm"":""unknown"",""bua_range_max_sqm"":""unknown"",""price_range_min"":""37000000"",""price_range_max"":""37000000"",""currency"":""EGP""}]","[{""listing_id"":""97_hills_zone_1_villa"",""zone_name"":""Zone 1"",""unit_type"":""Villa"",""bedrooms"":""unknown"",""bua_sqm"":""unknown"",""price_value"":""37000000"",""currency"":""EGP"",""price_status"":""official"",""payment_plan_text"":""unknown"",""delivery"":""unknown"",""source_url"":""https://www.palmhillsdevelopments.com/en-us/residential-properties/97-hills"",""evidence_type"":""dom"",""screenshot_path"":"""",""captured_date"":""2026-02-10""}]"
badya,Badya,Residential,https://www.palmhillsdevelopments.com/en-us/residential-properties/city/badya,https://www.palmhillsdevelopments.com/en-us/residential-properties/city/badya,https://www.palmhillsdevelopments.com/en-us/contactus,West,6th of October / West Cairo,Badya City,residential,under_construction,selling,available,"[""Villa"",""Townhouse"",""Apartment""]",14700000.0,EGP,14700000.0,34400000.0,official,2026-02-10,Starting prices per zone card,"[""Clubhouse"",""Schools"",""Healthcare"",""Sports Arenas""]",,,True,,"[""https://www.palmhillsdevelopments.com/en-us/residential-properties/city/badya""]",2026-02-10,0.8,"[""Starting prices per zone card"",""BUA/bedroom data not published on official site; available in brochures.""]","[{""zone_name"":""Dae"",""source_url"":""https://www.palmhillsdevelopments.com/en-us/residential-properties/city/badya"",""captured_date"":""2026-02-10""},{""zone_name"":""Rae"",""source_url"":""https://www.palmhillsdevelopments.com/en-us/residential-properties/city/badya"",""captured_date"":""2026-02-10""},{""zone_name"":""Isana"",""source_url"":""https://www.palmhillsdevelopments.com/en-us/residential-properties/city/badya"",""captured_date"":""2026-02-10""},{""zone_name"":""Isha"",""source_url"":""https://www.palmhillsdevelopments.com/en-us/residential-properties/city/badya"",""captured_date"":""2026-02-10""},{""zone_name"":""Isola"",""source_url"":""https://www.palmhillsdevelopments.com/en-us/residential-properties/city/badya"",""captured_date"":""2026-02-10""},{""zone_name"":""Isara"",""source_url"":""https://www.palmhillsdevelopments.com/en-us/residential-properties/city/badya"",""captured_date"":""2026-02-10""}]","[{""unit_type"":""Villa/Townhouse"",""bedrooms"":""unknown"",""bua_range_min_sqm"":""unknown"",""bua_range_max_sqm"":""unknown"",""price_range_min"":""34400000"",""price_range_max"":""34400000"",""currency"":""EGP""},{""unit_type"":""Apartment"",""bedrooms"":""unknown"",""bua_range_min_sqm"":""unknown"",""bua_range_max_sqm"":""unknown"",""price_range_min"":""14700000"",""price_range_max"":""14700000"",""currency"":""EGP""},{""unit_type"":""Apartment"",""bedrooms"":""unknown"",""bua_range_min_sqm"":""unknown"",""bua_range_max_sqm"":""unknown"",""price_range_min"":""14700000"",""price_range_max"":""14700000"",""currency"":""EGP""},{""unit_type"":""Apartment"",""bedrooms"":""unknown"",""bua_range_min_sqm"":""unknown"",""bua_range_max_sqm"":""unknown"",""price_range_min"":""18200000"",""price_range_max"":""18200000"",""currency"":""EGP""},{""unit_type"":""Apartment"",""bedrooms"":""unknown"",""bua_range_min_sqm"":""unknown"",""bua_range_max_sqm"":""unknown"",""price_range_min"":""17500000"",""price_range_max"":""17500000"",""currency"":""EGP""},{""unit_type"":""Apartment"",""bedrooms"":""unknown"",""bua_range_min_sqm"":""unknown"",""bua_range_max_sqm"":""unknown"",""price_range_min"":""14700000"",""price_range_max"":""14700000"",""currency"":""EGP""}]","[{""listing_id"":""badya_dae_villa/townhouse"",""zone_name"":""Dae"",""unit_type"":""Villa/Townhouse"",""bedrooms"":""unknown"",""bua_sqm"":""unknown"",""price_value"":""34400000"",""currency"":""EGP"",""price_status"":""official"",""payment_plan_text"":""unknown"",""delivery"":""unknown"",""source_url"":""https://www.palmhillsdevelopments.com/en-us/residential-properties/city/badya"",""evidence_type"":""dom"",""screenshot_path"":"""",""captured_date"":""2026-02-10""},{""listing_id"":""badya_rae_apartment"",""zone_name"":""Rae"",""unit_type"":""Apartment"",""bedrooms"":""unknown"",""bua_sqm"":""unknown"",""price_value"":""14700000"",""currency"":""EGP"",""price_status"":""official"",""payment_plan_text"":""unknown"",""delivery"":""unknown"",""source_url"":""https://www.palmhillsdevelopments.com/en-us/residential-properties/city/badya"",""evidence_type"":""dom"",""screenshot_path"":"""",""captured_date"":""2026-02-10""},{""listing_id"":""badya_isana_apartment"",""zone_name"":""Isana"",""unit_type"":""Apartment"",""bedrooms"":""unknown"",""bua_sqm"":""unknown"",""price_value"":""14700000"",""currency"":""EGP"",""price_status"":""official"",""payment_plan_text"":""unknown"",""delivery"":""unknown"",""source_url"":""https://www.palmhillsdevelopments.com/en-us/residential-properties/city/badya"",""evidence_type"":""dom"",""screenshot_path"":"""",""captured_date"":""2026-02-10""},{""listing_id"":""badya_isha_apartment"",""zone_name"":""Isha"",""unit_type"":""Apartment"",""bedrooms"":""unknown"",""bua_sqm"":""unknown"",""price_value"":""18200000"",""currency"":""EGP"",""price_status"":""official"",""payment_plan_text"":""unknown"",""delivery"":""unknown"",""source_url"":""https://www.palmhillsdevelopments.com/en-us/residential-properties/city/badya"",""evidence_type"":""dom"",""screenshot_path"":"""",""captured_date"":""2026-02-10""},{""listing_id"":""badya_isola_apartment"",""zone_name"":""Isola"",""unit_type"":""Apartment"",""bedrooms"":""unknown"",""bua_sqm"":""unknown"",""price_value"":""17500000"",""currency"":""EGP"",""price_status"":""official"",""payment_plan_text"":""unknown"",""delivery"":""unknown"",""source_url"":""https://www.palmhillsdevelopments.com/en-us/residential-properties/city/badya"",""evidence_type"":""dom"",""screenshot_path"":"""",""captured_date"":""2026-02-10""},{""listing_id"":""badya_isara_apartment"",""zone_name"":""Isara"",""unit_type"":""Apartment"",""bedrooms"":""unknown"",""bua_sqm"":""unknown"",""price_value"":""14700000"",""currency"":""EGP"",""price_status"":""official"",""payment_plan_text"":""unknown"",""delivery"":""unknown"",""source_url"":""https://www.palmhillsdevelopments.com/en-us/residential-properties/city/badya"",""evidence_type"":""dom"",""screenshot_path"":"""",""captured_date"":""2026-02-10""}]"
bamboo,Bamboo,Residential,https://www.palmhillsdevelopments.com/en-us/residential-properties/bamboo,https://www.palmhillsdevelopments.com/en-us/residential-properties/bamboo,https://www.palmhillsdevelopments.com/en-us/contactus,West,6th of October / West Cairo,Palm Hills October,residential,delivered,not_selling,sold_out,[],,,,,,2026-02-10,Delivered/Operating — no active sales,[],,,,,"[""https://www.palmhillsdevelopments.com/en-us/residential-properties/bamboo""]",2026-02-10,0.5,"[""Delivered/Operating — no active sales"",""BUA/bedroom data not published on official site; available in brochures.""]",[],[],[]
bamboo_iii,Bamboo III,Residential,,,https://www.palmhillsdevelopments.com/en-us/contactus,West,6th of October / West Cairo,,residential,,,,[],,,,,,2026-02-10,Project page not found,[],,,,,[],2026-02-10,0.3,"[""Project page not found on official site."",""Project page not found"",""BUA/bedroom data not published on official site; available in brochures.""]",[],[],[]
bamboo_extension,Bamboo Extension,Residential,https://www.palmhillsdevelopments.com/en-us/residential-properties/bamboo-extension,https://www.palmhillsdevelopments.com/en-us/residential-properties/bamboo-extension,https://www.palmhillsdevelopments.com/en-us/contactus,West,6th of October / West Cairo,Palm Hills October,residential,delivered,not_selling,sold_out,[],,,,,,2026-02-10,Delivered/Operating — no active sales,[],,,,,"[""https://www.palmhillsdevelopments.com/en-us/residential-properties/bamboo-extension""]",2026-02-10,0.5,"[""Delivered/Operating — no active sales"",""BUA/bedroom data not published on official site; available in brochures.""]",[],[],[]
casa,Casa,Residential,https://www.palmhillsdevelopments.com/en-us/residential-properties/casa,https://www.palmhillsdevelopments.com/en-us/residential-properties/casa,https://www.palmhillsdevelopments.com/en-us/contactus,West,6th of October / West Cairo,,residential,delivered,not_selling,sold_out,[],,,,,,2026-02-10,Delivered/Operating — no active sales,[],,,,,"[""https://www.palmhillsdevelopments.com/en-us/residential-properties/casa""]",2026-02-10,0.5,"[""Delivered/Operating — no active sales"",""BUA/bedroom data not published on official site; available in brochures.""]",[],[],[]
golf_extension,Golf Extension,Residential,https://www.palmhillsdevelopments.com/en-us/residential-properties/golf-extension,https://www.palmhillsdevelopments.com/en-us/residential-properties/golf-extension,https://www.palmhillsdevelopments.com/en-us/contactus,West,6th of October / West Cairo,,residential,delivered,not_selling,sold_out,[],,,,,,2026-02-10,Delivered/Operating,[],,,,,"[""https://www.palmhillsdevelopments.com/en-us/residential-properties/golf-extension""]",2026-02-10,0.5,"[""Delivered/Operating"",""BUA/bedroom data not published on official site; available in brochures.""]",[],[],[]
golf_views,Golf Views,Residential,https://www.palmhillsdevelopments.com/en-us/residential-properties/golf-views,https://www.palmhillsdevelopments.com/en-us/residential-properties/golf-views,https://www.palmhillsdevelopments.com/en-us/contactus,West,6th of October / West Cairo,,residential,delivered,not_selling,sold_out,[],,,,,,2026-02-10,Delivered/Operating,[],,,,,"[""https://www.palmhillsdevelopments.com/en-us/residential-properties/golf-views""]",2026-02-10,0.5,"[""Delivered/Operating"",""BUA/bedroom data not published on official site; available in brochures.""]",[],[],[]
hacienda_bay,Hacienda Bay,Residential,https://www.palmhillsdevelopments.com/en-us/residential-properties/hacienda-bay,https://www.palmhillsdevelopments.com/en-us/residential-properties/hacienda-bay,https://www.palmhillsdevelopments.com/en-us/contactus,Coast,North Coast,Sidi Abdel Rahman,residential,under_construction,selling,available,"[""Villa"",""Cabin"",""Chalet""]",25000000.0,EGP,25000000.0,100000000.0,official,2026-02-10,Starting prices per zone card,"[""Beach"",""Pools"",""Dining""]",,True,,True,"[""https://www.palmhillsdevelopments.com/en-us/residential-properties/hacienda-bay""]",2026-02-10,0.8,"[""Starting prices per zone card"",""BUA/bedroom data not published on official site; available in brochures.""]","[{""zone_name"":""Le Sidi"",""source_url"":""https://www.palmhillsdevelopments.com/en-us/residential-properties/hacienda-bay"",""captured_date"":""2026-02-10""},{""zone_name"":""Water Villas"",""source_url"":""https://www.palmhillsdevelopments.com/en-us/residential-properties/hacienda-bay"",""captured_date"":""2026-02-10""},{""zone_name"":""X"",""source_url"":""https://www.palmhillsdevelopments.com/en-us/residential-properties/hacienda-bay"",""captured_date"":""2026-02-10""},{""zone_name"":""Lakeyard"",""source_url"":""https://www.palmhillsdevelopments.com/en-us/residential-properties/hacienda-bay"",""captured_date"":""2026-02-10""},{""zone_name"":""Bay Villas"",""source_url"":""https://www.palmhillsdevelopments.com/en-us/residential-properties/hacienda-bay"",""captured_date"":""2026-02-10""}]","[{""unit_type"":""Cabin"",""bedrooms"":""unknown"",""bua_range_min_sqm"":""unknown"",""bua_range_max_sqm"":""unknown"",""price_range_min"":""25000000"",""price_range_max"":""25000000"",""currency"":""EGP""},{""unit_type"":""Villa"",""bedrooms"":""unknown"",""bua_range_min_sqm"":""unknown"",""bua_range_max_sqm"":""unknown"",""price_range_min"":""100000000"",""price_range_max"":""100000000"",""currency"":""EGP""},{""unit_type"":""Villa/Chalet"",""bedrooms"":""unknown"",""bua_range_min_sqm"":""unknown"",""bua_range_max_sqm"":""unknown"",""price_range_min"":""45000000"",""price_range_max"":""45000000"",""currency"":""EGP""},{""unit_type"":""Cabin"",""bedrooms"":""unknown"",""bua_range_min_sqm"":""unknown"",""bua_range_max_sqm"":""unknown"",""price_range_min"":""25000000"",""price_range_max"":""25000000"",""currency"":""EGP""},{""unit_type"":""Villa"",""bedrooms"":""unknown"",""bua_range_min_sqm"":""unknown"",""bua_range_max_sqm"":""unknown"",""price_range_min"":""100000000"",""price_range_max"":""100000000"",""currency"":""EGP""}]","[{""listing_id"":""hacienda_bay_le_sidi_cabin"",""zone_name"":""Le Sidi"",""unit_type"":""Cabin"",""bedrooms"":""unknown"",""bua_sqm"":""unknown"",""price_value"":""25000000"",""currency"":""EGP"",""price_status"":""official"",""payment_plan_text"":""unknown"",""delivery"":""unknown"",""source_url"":""https://www.palmhillsdevelopments.com/en-us/residential-properties/hacienda-bay"",""evidence_type"":""dom"",""screenshot_path"":"""",""captured_date"":""2026-02-10""},{""listing_id"":""hacienda_bay_water_villas_villa"",""zone_name"":""Water Villas"",""unit_type"":""Villa"",""bedrooms"":""unknown"",""bua_sqm"":""unknown"",""price_value"":""100000000"",""currency"":""EGP"",""price_status"":""official"",""payment_plan_text"":""unknown"",""delivery"":""unknown"",""source_url"":""https://www.palmhillsdevelopments.com/en-us/residential-properties/hacienda-bay"",""evidence_type"":""dom"",""screenshot_path"":"""",""captured_date"":""2026-02-10""},{""listing_id"":""hacienda_bay_x_villa/chalet"",""zone_name"":""X"",""unit_type"":""Villa/Chalet"",""bedrooms"":""unknown"",""bua_sqm"":""unknown"",""price_value"":""45000000"",""currency"":""EGP"",""price_status"":""official"",""payment_plan_text"":""unknown"",""delivery"":""unknown"",""source_url"":""https://www.palmhillsdevelopments.com/en-us/residential-properties/hacienda-bay"",""evidence_type"":""dom"",""screenshot_path"":"""",""captured_date"":""2026-02-10""},{""listing_id"":""hacienda_bay_lakeyard_cabin"",""zone_name"":""Lakeyard"",""unit_type"":""Cabin"",""bedrooms"":""unknown"",""bua_sqm"":""unknown"",""price_value"":""25000000"",""currency"":""EGP"",""price_status"":""official"",""payment_plan_text"":""unknown"",""delivery"":""unknown"",""source_url"":""https://www.palmhillsdevelopments.com/en-us/residential-properties/hacienda-bay"",""evidence_type"":""dom"",""screenshot_path"":"""",""captured_date"":""2026-02-10""},{""listing_id"":""hacienda_bay_bay_villas_villa"",""zone_name"":""Bay Villas"",""unit_type"":""Villa"",""bedrooms"":""unknown"",""bua_sqm"":""unknown"",""price_value"":""100000000"",""currency"":""EGP"",""price_status"":""official"",""payment_plan_text"":""unknown"",""delivery"":""unknown"",""source_url"":""https://www.palmhillsdevelopments.com/en-us/residential-properties/hacienda-bay"",""evidence_type"":""dom"",""screenshot_path"":"""",""captured_date"":""2026-02-10""}]"
hacienda_blue,Hacienda Blue,Residential,https://www.palmhillsdevelopments.com/en-us/residential-properties/hacienda-blue,https://www.palmhillsdevelopments.com/en-us/residential-properties/hacienda-blue,https://www.palmhillsdevelopments.com/en-us/contactus,Coast,North Coast,,residential,under_construction,selling,available,"[""Villa"",""Chalet"",""Townhouse""]",19000000.0,EGP,19000000.0,58000000.0,official,2026-02-10,Starting prices per zone card,"[""Beach""]",,True,,,"[""https://www.palmhillsdevelopments.com/en-us/residential-properties/hacienda-blue""]",2026-02-10,0.8,"[""Starting prices per zone card"",""BUA/bedroom data not published on official site; available in brochures.""]","[{""zone_name"":""Villas"",""source_url"":""https://www.palmhillsdevelopments.com/en-us/residential-properties/hacienda-blue"",""captured_date"":""2026-02-10""},{""zone_name"":""Chalets"",""source_url"":""https://www.palmhillsdevelopments.com/en-us/residential-properties/hacienda-blue"",""captured_date"":""2026-02-10""},{""zone_name"":""Townhouse"",""source_url"":""https://www.palmhillsdevelopments.com/en-us/residential-properties/hacienda-blue"",""captured_date"":""2026-02-10""}]","[{""unit_type"":""Villa"",""bedrooms"":""unknown"",""bua_range_min_sqm"":""unknown"",""bua_range_max_sqm"":""unknown"",""price_range_min"":""58000000"",""price_range_max"":""58000000"",""currency"":""EGP""},{""unit_type"":""Chalet"",""bedrooms"":""unknown"",""bua_range_min_sqm"":""unknown"",""bua_range_max_sqm"":""unknown"",""price_range_min"":""19000000"",""price_range_max"":""19000000"",""currency"":""EGP""},{""unit_type"":""Townhouse"",""bedrooms"":""unknown"",""bua_range_min_sqm"":""unknown"",""bua_range_max_sqm"":""unknown"",""price_range_min"":""31000000"",""price_range_max"":""31000000"",""currency"":""EGP""}]","[{""listing_id"":""hacienda_blue_villas_villa"",""zone_name"":""Villas"",""unit_type"":""Villa"",""bedrooms"":""unknown"",""bua_sqm"":""unknown"",""price_value"":""58000000"",""currency"":""EGP"",""price_status"":""official"",""payment_plan_text"":""unknown"",""delivery"":""unknown"",""source_url"":""https://www.palmhillsdevelopments.com/en-us/residential-properties/hacienda-blue"",""evidence_type"":""dom"",""screenshot_path"":"""",""captured_date"":""2026-02-10""},{""listing_id"":""hacienda_blue_chalets_chalet"",""zone_name"":""Chalets"",""unit_type"":""Chalet"",""bedrooms"":""unknown"",""bua_sqm"":""unknown"",""price_value"":""19000000"",""currency"":""EGP"",""price_status"":""official"",""payment_plan_text"":""unknown"",""delivery"":""unknown"",""source_url"":""https://www.palmhillsdevelopments.com/en-us/residential-properties/hacienda-blue"",""evidence_type"":""dom"",""screenshot_path"":"""",""captured_date"":""2026-02-10""},{""listing_id"":""hacienda_blue_townhouse_townhouse"",""zone_name"":""Townhouse"",""unit_type"":""Townhouse"",""bedrooms"":""unknown"",""bua_sqm"":""unknown"",""price_value"":""31000000"",""currency"":""EGP"",""price_status"":""official"",""payment_plan_text"":""unknown"",""delivery"":""unknown"",""source_url"":""https://www.palmhillsdevelopments.com/en-us/residential-properties/hacienda-blue"",""evidence_type"":""dom"",""screenshot_path"":"""",""captured_date"":""2026-02-10""}]"
hacienda_heneish,Hacienda Heneish,Residential,https://www.palmhillsdevelopments.com/en-us/residential-properties/hacienda-heneish,https://www.palmhillsdevelopments.com/en-us/residential-properties/hacienda-heneish,https://www.palmhillsdevelopments.com/en-us/contactus,Coast,North Coast,Heneish,residential,under_construction,selling,available,"[""Villa"",""Condo"",""Cabin"",""Chalet"",""Pied Dans L'eau""]",16900000.0,EGP,16900000.0,94800000.0,official,2026-02-10,Starting prices per zone card,"[""Beach""]",,True,,,"[""https://www.palmhillsdevelopments.com/en-us/residential-properties/hacienda-heneish""]",2026-02-10,0.8,"[""Starting prices per zone card"",""BUA/bedroom data not published on official site; available in brochures.""]","[{""zone_name"":""Villa"",""source_url"":""https://www.palmhillsdevelopments.com/en-us/residential-properties/hacienda-heneish"",""captured_date"":""2026-02-10""},{""zone_name"":""Condos"",""source_url"":""https://www.palmhillsdevelopments.com/en-us/residential-properties/hacienda-heneish"",""captured_date"":""2026-02-10""},{""zone_name"":""Cabins"",""source_url"":""https://www.palmhillsdevelopments.com/en-us/residential-properties/hacienda-heneish"",""captured_date"":""2026-02-10""},{""zone_name"":""Pied Dans L'eau"",""source_url"":""https://www.palmhillsdevelopments.com/en-us/residential-properties/hacienda-heneish"",""captured_date"":""2026-02-10""},{""zone_name"":""Chalets"",""source_url"":""https://www.palmhillsdevelopments.com/en-us/residential-properties/hacienda-heneish"",""captured_date"":""2026-02-10""}]","[{""unit_type"":""Villa"",""bedrooms"":""unknown"",""bua_range_min_sqm"":""unknown"",""bua_range_max_sqm"":""unknown"",""price_range_min"":""52400000"",""price_range_max"":""52400000"",""currency"":""EGP""},{""unit_type"":""Condo"",""bedrooms"":""unknown"",""bua_range_min_sqm"":""unknown"",""bua_range_max_sqm"":""unknown"",""price_range_min"":""16900000"",""price_range_max"":""16900000"",""currency"":""EGP""},{""unit_type"":""Cabin"",""bedrooms"":""unknown"",""bua_range_min_sqm"":""unknown"",""bua_range_max_sqm"":""unknown"",""price_range_min"":""17800000"",""price_range_max"":""17800000"",""currency"":""EGP""},{""unit_type"":""Pied Dans L'eau"",""bedrooms"":""unknown"",""bua_range_min_sqm"":""unknown"",""bua_range_max_sqm"":""unknown"",""price_range_min"":""94800000"",""price_range_max"":""94800000"",""currency"":""EGP""},{""unit_type"":""Chalet"",""bedrooms"":""unknown"",""bua_range_min_sqm"":""unknown"",""bua_range_max_sqm"":""unknown"",""price_range_min"":""19500000"",""price_range_max"":""19500000"",""currency"":""EGP""}]","[{""listing_id"":""hacienda_heneish_villa_villa"",""zone_name"":""Villa"",""unit_type"":""Villa"",""bedrooms"":""unknown"",""bua_sqm"":""unknown"",""price_value"":""52400000"",""currency"":""EGP"",""price_status"":""official"",""payment_plan_text"":""unknown"",""delivery"":""unknown"",""source_url"":""https://www.palmhillsdevelopments.com/en-us/residential-properties/hacienda-heneish"",""evidence_type"":""dom"",""screenshot_path"":"""",""captured_date"":""2026-02-10""},{""listing_id"":""hacienda_heneish_condos_condo"",""zone_name"":""Condos"",""unit_type"":""Condo"",""bedrooms"":""unknown"",""bua_sqm"":""unknown"",""price_value"":""16900000"",""currency"":""EGP"",""price_status"":""official"",""payment_plan_text"":""unknown"",""delivery"":""unknown"",""source_url"":""https://www.palmhillsdevelopments.com/en-us/residential-properties/hacienda-heneish"",""evidence_type"":""dom"",""screenshot_path"":"""",""captured_date"":""2026-02-10""},{""listing_id"":""hacienda_heneish_cabins_cabin"",""zone_name"":""Cabins"",""unit_type"":""Cabin"",""bedrooms"":""unknown"",""bua_sqm"":""unknown"",""price_value"":""17800000"",""currency"":""EGP"",""price_status"":""official"",""payment_plan_text"":""unknown"",""delivery"":""unknown"",""source_url"":""https://www.palmhillsdevelopments.com/en-us/residential-properties/hacienda-heneish"",""evidence_type"":""dom"",""screenshot_path"":"""",""captured_date"":""2026-02-10""},{""listing_id"":""hacienda_heneish_pied_dans_l'eau_pied_dans_l'eau"",""zone_name"":""Pied Dans L'eau"",""unit_type"":""Pied Dans L'eau"",""bedrooms"":""unknown"",""bua_sqm"":""unknown"",""price_value"":""94800000"",""currency"":""EGP"",""price_status"":""official"",""payment_plan_text"":""unknown"",""delivery"":""unknown"",""source_url"":""https://www.palmhillsdevelopments.com/en-us/residential-properties/hacienda-heneish"",""evidence_type"":""dom"",""screenshot_path"":"""",""captured_date"":""2026-02-10""},{""listing_id"":""hacienda_heneish_chalets_chalet"",""zone_name"":""Chalets"",""unit_type"":""Chalet"",""bedrooms"":""unknown"",""bua_sqm"":""unknown"",""price_value"":""19500000"",""currency"":""EGP"",""price_status"":""official"",""payment_plan_text"":""unknown"",""delivery"":""unknown"",""source_url"":""https://www.palmhillsdevelopments.com/en-us/residential-properties/hacienda-heneish"",""evidence_type"":""dom"",""screenshot_path"":"""",""captured_date"":""2026-02-10""}]"
hacienda_waters,Hacienda Waters,Residential,https://www.palmhillsdevelopments.com/en-us/residential-properties/hacienda-waters,https://www.palmhillsdevelopments.com/en-us/residential-properties/hacienda-waters,https://www.palmhillsdevelopments.com/en-us/contactus,Coast,North Coast,,residential,under_construction,selling,available,"[""Apartment"",""Villa""]",11200000.0,EGP,11200000.0,106500000.0,official,2026-02-10,Starting prices per zone card,"[""Beach""]",,True,,,"[""https://www.palmhillsdevelopments.com/en-us/residential-properties/hacienda-waters""]",2026-02-10,0.8,"[""Starting prices per zone card"",""BUA/bedroom data not published on official site; available in brochures.""]","[{""zone_name"":""Apartments"",""source_url"":""https://www.palmhillsdevelopments.com/en-us/residential-properties/hacienda-waters"",""captured_date"":""2026-02-10""},{""zone_name"":""Villas"",""source_url"":""https://www.palmhillsdevelopments.com/en-us/residential-properties/hacienda-waters"",""captured_date"":""2026-02-10""}]","[{""unit_type"":""Apartment"",""bedrooms"":""unknown"",""bua_range_min_sqm"":""unknown"",""bua_range_max_sqm"":""unknown"",""price_range_min"":""11200000"",""price_range_max"":""11200000"",""currency"":""EGP""},{""unit_type"":""Villa"",""bedrooms"":""unknown"",""bua_range_min_sqm"":""unknown"",""bua_range_max_sqm"":""unknown"",""price_range_min"":""106500000"",""price_range_max"":""106500000"",""currency"":""EGP""}]","[{""listing_id"":""hacienda_waters_apartments_apartment"",""zone_name"":""Apartments"",""unit_type"":""Apartment"",""bedrooms"":""unknown"",""bua_sqm"":""unknown"",""price_value"":""11200000"",""currency"":""EGP"",""price_status"":""official"",""payment_plan_text"":""unknown"",""delivery"":""unknown"",""source_url"":""https://www.palmhillsdevelopments.com/en-us/residential-properties/hacienda-waters"",""evidence_type"":""dom"",""screenshot_path"":"""",""captured_date"":""2026-02-10""},{""listing_id"":""hacienda_waters_villas_villa"",""zone_name"":""Villas"",""unit_type"":""Villa"",""bedrooms"":""unknown"",""bua_sqm"":""unknown"",""price_value"":""106500000"",""currency"":""EGP"",""price_status"":""official"",""payment_plan_text"":""unknown"",""delivery"":""unknown"",""source_url"":""https://www.palmhillsdevelopments.com/en-us/residential-properties/hacienda-waters"",""evidence_type"":""dom"",""screenshot_path"":"""",""captured_date"":""2026-02-10""}]"
hacienda_waters_2,Hacienda Waters 2,Residential,https://www.palmhillsdevelopments.com/en-us/residential-properties/hacienda-waters-2,https://www.palmhillsdevelopments.com/en-us/residential-properties/hacienda-waters-2,https://www.palmhillsdevelopments.com/en-us/contactus,Coast,North Coast,,residential,under_construction,selling,,[],,,,,on_request,2026-02-10,No zones currently displayed,"[""Beach""]",,True,,,"[""https://www.palmhillsdevelopments.com/en-us/residential-properties/hacienda-waters-2""]",2026-02-10,0.5,"[""No zones currently displayed"",""Pricing on request — contact Palm Hills."",""BUA/bedroom data not published on official site; available in brochures.""]",[],[],[]
hacienda_west,Hacienda West,Residential,https://www.palmhillsdevelopments.com/en-us/residential-properties/hacienda-west,https://www.palmhillsdevelopments.com/en-us/residential-properties/hacienda-west,https://www.palmhillsdevelopments.com/en-us/contactus,Coast,North Coast,,residential,under_construction,selling,available,"[""Beach House"",""Chalet"",""Cabanna""]",29600000.0,EGP,29600000.0,41200000.0,official,2026-02-10,Starting prices per zone card,"[""Beach""]",,True,,,"[""https://www.palmhillsdevelopments.com/en-us/residential-properties/hacienda-west""]",2026-02-10,0.8,"[""Starting prices per zone card"",""BUA/bedroom data not published on official site; available in brochures.""]","[{""zone_name"":""Beach House"",""source_url"":""https://www.palmhillsdevelopments.com/en-us/residential-properties/hacienda-west"",""captured_date"":""2026-02-10""},{""zone_name"":""Lime Chalets"",""source_url"":""https://www.palmhillsdevelopments.com/en-us/residential-properties/hacienda-west"",""captured_date"":""2026-02-10""},{""zone_name"":""Aria Cabanna"",""source_url"":""https://www.palmhillsdevelopments.com/en-us/residential-properties/hacienda-west"",""captured_date"":""2026-02-10""}]","[{""unit_type"":""Beach House"",""bedrooms"":""unknown"",""bua_range_min_sqm"":""unknown"",""bua_range_max_sqm"":""unknown"",""price_range_min"":""41200000"",""price_range_max"":""41200000"",""currency"":""EGP""},{""unit_type"":""Chalet"",""bedrooms"":""unknown"",""bua_range_min_sqm"":""unknown"",""bua_range_max_sqm"":""unknown"",""price_range_min"":""29600000"",""price_range_max"":""29600000"",""currency"":""EGP""},{""unit_type"":""Cabanna"",""bedrooms"":""unknown"",""bua_range_min_sqm"":""unknown"",""bua_range_max_sqm"":""unknown"",""price_range_min"":""33299999"",""price_range_max"":""33299999"",""currency"":""EGP""}]","[{""listing_id"":""hacienda_west_beach_house_beach_house"",""zone_name"":""Beach House"",""unit_type"":""Beach House"",""bedrooms"":""unknown"",""bua_sqm"":""unknown"",""price_value"":""41200000"",""currency"":""EGP"",""price_status"":""official"",""payment_plan_text"":""unknown"",""delivery"":""unknown"",""source_url"":""https://www.palmhillsdevelopments.com/en-us/residential-properties/hacienda-west"",""evidence_type"":""dom"",""screenshot_path"":"""",""captured_date"":""2026-02-10""},{""listing_id"":""hacienda_west_lime_chalets_chalet"",""zone_name"":""Lime Chalets"",""unit_type"":""Chalet"",""bedrooms"":""unknown"",""bua_sqm"":""unknown"",""price_value"":""29600000"",""currency"":""EGP"",""price_status"":""official"",""payment_plan_text"":""unknown"",""delivery"":""unknown"",""source_url"":""https://www.palmhillsdevelopments.com/en-us/residential-properties/hacienda-west"",""evidence_type"":""dom"",""screenshot_path"":"""",""captured_date"":""2026-02-10""},{""listing_id"":""hacienda_west_aria_cabanna_cabanna"",""zone_name"":""Aria Cabanna"",""unit_type"":""Cabanna"",""bedrooms"":""unknown"",""bua_sqm"":""unknown"",""price_value"":""33299999"",""currency"":""EGP"",""price_status"":""official"",""payment_plan_text"":""unknown"",""delivery"":""unknown"",""source_url"":""https://www.palmhillsdevelopments.com/en-us/residential-properties/hacienda-west"",""evidence_type"":""dom"",""screenshot_path"":"""",""captured_date"":""2026-02-10""}]"
hacienda_white,Hacienda White,Residential,https://www.palmhillsdevelopments.com/en-us/residential-properties/hacienda-white,https://www.palmhillsdevelopments.com/en-us/residential-properties/hacienda-white,https://www.palmhillsdevelopments.com/en-us/contactus,Coast,North Coast,,residential,delivered,not_selling,sold_out,[],,,,,,2026-02-10,Delivered/Operating,"[""Beach""]",,True,,,"[""https://www.palmhillsdevelopments.com/en-us/residential-properties/hacienda-white""]",2026-02-10,0.5,"[""Delivered/Operating"",""BUA/bedroom data not published on official site; available in brochures.""]",[],[],[]
jirian_palm_hills,Jirian Palm Hills,Residential,https://www.palmhillsdevelopments.com/en-us/residential-properties/jirian-palm-hills,https://www.palmhillsdevelopments.com/en-us/residential-properties/jirian-palm-hills,https://www.palmhillsdevelopments.com/en-us/contactus,West,6th of October / West Cairo,,residential,under_construction,selling,available,"[""Villa"",""Apartment""]",,,,,on_request,2026-02-10,Pricing on request — zones visible but no numeric prices,[],,,,,"[""https://www.palmhillsdevelopments.com/en-us/residential-properties/jirian-palm-hills""]",2026-02-10,0.7,"[""Pricing on request — zones visible but no numeric prices"",""Pricing on request — contact Palm Hills."",""BUA/bedroom data not published on official site; available in brochures.""]","[{""zone_name"":""Two Story Villas"",""source_url"":""https://www.palmhillsdevelopments.com/en-us/residential-properties/jirian-palm-hills"",""captured_date"":""2026-02-10""},{""zone_name"":""One Story Villa"",""source_url"":""https://www.palmhillsdevelopments.com/en-us/residential-properties/jirian-palm-hills"",""captured_date"":""2026-02-10""},{""zone_name"":""Apartments"",""source_url"":""https://www.palmhillsdevelopments.com/en-us/residential-properties/jirian-palm-hills"",""captured_date"":""2026-02-10""}]","[{""unit_type"":""Villa"",""bedrooms"":""unknown"",""bua_range_min_sqm"":""unknown"",""bua_range_max_sqm"":""unknown"",""price_range_min"":""unknown"",""price_range_max"":""unknown"",""currency"":""unknown""},{""unit_type"":""Villa"",""bedrooms"":""unknown"",""bua_range_min_sqm"":""unknown"",""bua_range_max_sqm"":""unknown"",""price_range_min"":""unknown"",""price_range_max"":""unknown"",""currency"":""unknown""},{""unit_type"":""Apartment"",""bedrooms"":""unknown"",""bua_range_min_sqm"":""unknown"",""bua_range_max_sqm"":""unknown"",""price_range_min"":""unknown"",""price_range_max"":""unknown"",""currency"":""unknown""}]","[{""listing_id"":""jirian_palm_hills_two_story_villas_villa"",""zone_name"":""Two Story Villas"",""unit_type"":""Villa"",""bedrooms"":""unknown"",""bua_sqm"":""unknown"",""price_value"":""on_request"",""currency"":""unknown"",""price_status"":""on_request"",""payment_plan_text"":""unknown"",""delivery"":""unknown"",""source_url"":""https://www.palmhillsdevelopments.com/en-us/residential-properties/jirian-palm-hills"",""evidence_type"":""dom"",""screenshot_path"":"""",""captured_date"":""2026-02-10""},{""listing_id"":""jirian_palm_hills_one_story_villa_villa"",""zone_name"":""One Story Villa"",""unit_type"":""Villa"",""bedrooms"":""unknown"",""bua_sqm"":""unknown"",""price_value"":""on_request"",""currency"":""unknown"",""price_status"":""on_request"",""payment_plan_text"":""unknown"",""delivery"":""unknown"",""source_url"":""https://www.palmhillsdevelopments.com/en-us/residential-properties/jirian-palm-hills"",""evidence_type"":""dom"",""screenshot_path"":"""",""captured_date"":""2026-02-10""},{""listing_id"":""jirian_palm_hills_apartments_apartment"",""zone_name"":""Apartments"",""unit_type"":""Apartment"",""bedrooms"":""unknown"",""bua_sqm"":""unknown"",""price_value"":""on_request"",""currency"":""unknown"",""price_status"":""on_request"",""payment_plan_text"":""unknown"",""delivery"":""unknown"",""source_url"":""https://www.palmhillsdevelopments.com/en-us/residential-properties/jirian-palm-hills"",""evidence_type"":""dom"",""screenshot_path"":"""",""captured_date"":""2026-02-10""}]"
new_capital_gardens,New Capital Gardens,Residential,https://www.palmhillsdevelopments.com/en-us/residential-properties/new-capital-gardens,https://www.palmhillsdevelopments.com/en-us/residential-properties/new-capital-gardens,https://www.palmhillsdevelopments.com/en-us/contactus,New_Capital,New Administrative Capital,,residential,under_construction,selling,available,"[""Apartment""]",5500000.0,EGP,5500000.0,5500000.0,official,2026-02-10,Starting prices per phase card,[],,,,,"[""https://www.palmhillsdevelopments.com/en-us/residential-properties/new-capital-gardens""]",2026-02-10,0.8,"[""Starting prices per phase card"",""BUA/bedroom data not published on official site; available in brochures.""]","[{""zone_name"":""Phase 1"",""source_url"":""https://www.palmhillsdevelopments.com/en-us/residential-properties/new-capital-gardens"",""captured_date"":""2026-02-10""},{""zone_name"":""Phase 2"",""source_url"":""https://www.palmhillsdevelopments.com/en-us/residential-properties/new-capital-gardens"",""captured_date"":""2026-02-10""}]","[{""unit_type"":""Apartment"",""bedrooms"":""unknown"",""bua_range_min_sqm"":""unknown"",""bua_range_max_sqm"":""unknown"",""price_range_min"":""5500000"",""price_range_max"":""5500000"",""currency"":""EGP""},{""unit_type"":""Apartment"",""bedrooms"":""unknown"",""bua_range_min_sqm"":""unknown"",""bua_range_max_sqm"":""unknown"",""price_range_min"":""5500000"",""price_range_max"":""5500000"",""currency"":""EGP""}]","[{""listing_id"":""new_capital_gardens_phase_1_apartment"",""zone_name"":""Phase 1"",""unit_type"":""Apartment"",""bedrooms"":""unknown"",""bua_sqm"":""unknown"",""price_value"":""5500000"",""currency"":""EGP"",""price_status"":""official"",""payment_plan_text"":""unknown"",""delivery"":""unknown"",""source_url"":""https://www.palmhillsdevelopments.com/en-us/residential-properties/new-capital-gardens"",""evidence_type"":""dom"",""screenshot_path"":"""",""captured_date"":""2026-02-10""},{""listing_id"":""new_capital_gardens_phase_2_apartment"",""zone_name"":""Phase 2"",""unit_type"":""Apartment"",""bedrooms"":""unknown"",""bua_sqm"":""unknown"",""price_value"":""5500000"",""currency"":""EGP"",""price_status"":""official"",""payment_plan_text"":""unknown"",""delivery"":""unknown"",""source_url"":""https://www.palmhillsdevelopments.com/en-us/residential-properties/new-capital-gardens"",""evidence_type"":""dom"",""screenshot_path"":"""",""captured_date"":""2026-02-10""}]"
p_x,P/X,Residential,,,https://www.palmhillsdevelopments.com/en-us/contactus,West,6th of October / West Cairo,,residential,,,,[],,,,,,2026-02-10,Project page not found,[],,,,,[],2026-02-10,0.3,"[""Project page not found on official site."",""Project page not found"",""BUA/bedroom data not published on official site; available in brochures.""]",[],[],[]
palm_hills_alexandria,Palm Hills Alexandria,Residential,https://www.palmhillsdevelopments.com/en-us/residential-properties/palm-hills-alexandria,https://www.palmhillsdevelopments.com/en-us/residential-properties/palm-hills-alexandria,https://www.palmhillsdevelopments.com/en-us/contactus,Alex,Alexandria,,residential,under_construction,selling,available,"[""Villa"",""Townhouse"",""Twin House""]",23300000.0,EGP,23300000.0,28000000.0,official,2026-02-10,Starting prices per zone card,[],,,,,"[""https://www.palmhillsdevelopments.com/en-us/residential-properties/palm-hills-alexandria""]",2026-02-10,0.8,"[""Starting prices per zone card"",""BUA/bedroom data not published on official site; available in brochures.""]","[{""zone_name"":""Palm Villas"",""source_url"":""https://www.palmhillsdevelopments.com/en-us/residential-properties/palm-hills-alexandria"",""captured_date"":""2026-02-10""},{""zone_name"":""Tessera"",""source_url"":""https://www.palmhillsdevelopments.com/en-us/residential-properties/palm-hills-alexandria"",""captured_date"":""2026-02-10""}]","[{""unit_type"":""Villa"",""bedrooms"":""unknown"",""bua_range_min_sqm"":""unknown"",""bua_range_max_sqm"":""unknown"",""price_range_min"":""28000000"",""price_range_max"":""28000000"",""currency"":""EGP""},{""unit_type"":""Villa/Townhouse"",""bedrooms"":""unknown"",""bua_range_min_sqm"":""unknown"",""bua_range_max_sqm"":""unknown"",""price_range_min"":""23300000"",""price_range_max"":""23300000"",""currency"":""EGP""}]","[{""listing_id"":""palm_hills_alexandria_palm_villas_villa"",""zone_name"":""Palm Villas"",""unit_type"":""Villa"",""bedrooms"":""unknown"",""bua_sqm"":""unknown"",""price_value"":""28000000"",""currency"":""EGP"",""price_status"":""official"",""payment_plan_text"":""unknown"",""delivery"":""unknown"",""source_url"":""https://www.palmhillsdevelopments.com/en-us/residential-properties/palm-hills-alexandria"",""evidence_type"":""dom"",""screenshot_path"":"""",""captured_date"":""2026-02-10""},{""listing_id"":""palm_hills_alexandria_tessera_villa/townhouse"",""zone_name"":""Tessera"",""unit_type"":""Villa/Townhouse"",""bedrooms"":""unknown"",""bua_sqm"":""unknown"",""price_value"":""23300000"",""currency"":""EGP"",""price_status"":""official"",""payment_plan_text"":""unknown"",""delivery"":""unknown"",""source_url"":""https://www.palmhillsdevelopments.com/en-us/residential-properties/palm-hills-alexandria"",""evidence_type"":""dom"",""screenshot_path"":"""",""captured_date"":""2026-02-10""}]"
palm_hills_katameya_1,Palm Hills Katameya 1,Residential,https://www.palmhillsdevelopments.com/en-us/residential-properties/palm-hills-katameya-1,https://www.palmhillsdevelopments.com/en-us/residential-properties/palm-hills-katameya-1,https://www.palmhillsdevelopments.com/en-us/contactus,East,New Cairo,Katameya,residential,delivered,not_selling,sold_out,[],,,,,,2026-02-10,Delivered/Operating,"[""Golf""]",True,,True,,"[""https://www.palmhillsdevelopments.com/en-us/residential-properties/palm-hills-katameya-1""]",2026-02-10,0.5,"[""Delivered/Operating"",""BUA/bedroom data not published on official site; available in brochures.""]",[],[],[]
palm_hills_katameya_2,Palm Hills Katameya 2,Residential,https://www.palmhillsdevelopments.com/en-us/residential-properties/palm-hills-katameya-2,https://www.palmhillsdevelopments.com/en-us/residential-properties/palm-hills-katameya-2,https://www.palmhillsdevelopments.com/en-us/contactus,East,New Cairo,Katameya,residential,delivered,not_selling,sold_out,[],,,,,,2026-02-10,Delivered/Operating,"[""Golf""]",True,,True,,"[""https://www.palmhillsdevelopments.com/en-us/residential-properties/palm-hills-katameya-2""]",2026-02-10,0.5,"[""Delivered/Operating"",""BUA/bedroom data not published on official site; available in brochures.""]",[],[],[]
palm_hills_new_alamein,Palm Hills New Alamein,Residential,https://www.palmhillsdevelopments.com/en-us/residential-properties/palm-hills-new-alamein,https://www.palmhillsdevelopments.com/en-us/residential-properties/palm-hills-new-alamein,https://www.palmhillsdevelopments.com/en-us/contactus,Coast,North Coast,New Alamein,residential,under_construction,selling,available,"[""Apartment""]",8100000.0,EGP,8100000.0,8100000.0,official,2026-02-10,Starting prices per zone card,"[""Beach""]",,True,,,"[""https://www.palmhillsdevelopments.com/en-us/residential-properties/palm-hills-new-alamein""]",2026-02-10,0.8,"[""Starting prices per zone card"",""BUA/bedroom data not published on official site; available in brochures.""]","[{""zone_name"":""Alamein Apartments"",""source_url"":""https://www.palmhillsdevelopments.com/en-us/residential-properties/palm-hills-new-alamein"",""captured_date"":""2026-02-10""}]","[{""unit_type"":""Apartment"",""bedrooms"":""unknown"",""bua_range_min_sqm"":""unknown"",""bua_range_max_sqm"":""unknown"",""price_range_min"":""8100000"",""price_range_max"":""8100000"",""currency"":""EGP""}]","[{""listing_id"":""palm_hills_new_alamein_alamein_apartments_apartment"",""zone_name"":""Alamein Apartments"",""unit_type"":""Apartment"",""bedrooms"":""unknown"",""bua_sqm"":""unknown"",""price_value"":""8100000"",""currency"":""EGP"",""price_status"":""official"",""payment_plan_text"":""unknown"",""delivery"":""unknown"",""source_url"":""https://www.palmhillsdevelopments.com/en-us/residential-properties/palm-hills-new-alamein"",""evidence_type"":""dom"",""screenshot_path"":"""",""captured_date"":""2026-02-10""}]"
palm_hills_new_cairo,Palm Hills New Cairo,Residential,https://www.palmhillsdevelopments.com/en-us/residential-properties/palm-hills-new-cairo,https://www.palmhillsdevelopments.com/en-us/residential-properties/palm-hills-new-cairo,https://www.palmhillsdevelopments.com/en-us/contactus,East,New Cairo,,residential,under_construction,selling,available,"[""Villa"",""Apartment"",""Townhouse""]",8900000.0,EGP,8900000.0,90000000.0,official,2026-02-10,Starting prices per phase card,"[""Golf"",""Clubhouse""]",True,,True,,"[""https://www.palmhillsdevelopments.com/en-us/residential-properties/palm-hills-new-cairo""]",2026-02-10,0.8,"[""Starting prices per phase card"",""BUA/bedroom data not published on official site; available in brochures.""]","[{""zone_name"":""Phase 1"",""source_url"":""https://www.palmhillsdevelopments.com/en-us/residential-properties/palm-hills-new-cairo"",""captured_date"":""2026-02-10""},{""zone_name"":""Phase 2"",""source_url"":""https://www.palmhillsdevelopments.com/en-us/residential-properties/palm-hills-new-cairo"",""captured_date"":""2026-02-10""},{""zone_name"":""Phase 3"",""source_url"":""https://www.palmhillsdevelopments.com/en-us/residential-properties/palm-hills-new-cairo"",""captured_date"":""2026-02-10""},{""zone_name"":""Phase 4"",""source_url"":""https://www.palmhillsdevelopments.com/en-us/residential-properties/palm-hills-new-cairo"",""captured_date"":""2026-02-10""},{""zone_name"":""Phase 5"",""source_url"":""https://www.palmhillsdevelopments.com/en-us/residential-properties/palm-hills-new-cairo"",""captured_date"":""2026-02-10""}]","[{""unit_type"":""Villa"",""bedrooms"":""unknown"",""bua_range_min_sqm"":""unknown"",""bua_range_max_sqm"":""unknown"",""price_range_min"":""90000000"",""price_range_max"":""90000000"",""currency"":""EGP""},{""unit_type"":""Villa"",""bedrooms"":""unknown"",""bua_range_min_sqm"":""unknown"",""bua_range_max_sqm"":""unknown"",""price_range_min"":""30700000"",""price_range_max"":""30700000"",""currency"":""EGP""},{""unit_type"":""Apartment"",""bedrooms"":""unknown"",""bua_range_min_sqm"":""unknown"",""bua_range_max_sqm"":""unknown"",""price_range_min"":""20200000"",""price_range_max"":""20200000"",""currency"":""EGP""},{""unit_type"":""Villa"",""bedrooms"":""unknown"",""bua_range_min_sqm"":""unknown"",""bua_range_max_sqm"":""unknown"",""price_range_min"":""26900000"",""price_range_max"":""26900000"",""currency"":""EGP""},{""unit_type"":""Mixed"",""bedrooms"":""unknown"",""bua_range_min_sqm"":""unknown"",""bua_range_max_sqm"":""unknown"",""price_range_min"":""8900000"",""price_range_max"":""8900000"",""currency"":""EGP""}]","[{""listing_id"":""palm_hills_new_cairo_phase_1_villa"",""zone_name"":""Phase 1"",""unit_type"":""Villa"",""bedrooms"":""unknown"",""bua_sqm"":""unknown"",""price_value"":""90000000"",""currency"":""EGP"",""price_status"":""official"",""payment_plan_text"":""unknown"",""delivery"":""unknown"",""source_url"":""https://www.palmhillsdevelopments.com/en-us/residential-properties/palm-hills-new-cairo"",""evidence_type"":""dom"",""screenshot_path"":"""",""captured_date"":""2026-02-10""},{""listing_id"":""palm_hills_new_cairo_phase_2_villa"",""zone_name"":""Phase 2"",""unit_type"":""Villa"",""bedrooms"":""unknown"",""bua_sqm"":""unknown"",""price_value"":""30700000"",""currency"":""EGP"",""price_status"":""official"",""payment_plan_text"":""unknown"",""delivery"":""unknown"",""source_url"":""https://www.palmhillsdevelopments.com/en-us/residential-properties/palm-hills-new-cairo"",""evidence_type"":""dom"",""screenshot_path"":"""",""captured_date"":""2026-02-10""},{""listing_id"":""palm_hills_new_cairo_phase_3_apartment"",""zone_name"":""Phase 3"",""unit_type"":""Apartment"",""bedrooms"":""unknown"",""bua_sqm"":""unknown"",""price_value"":""20200000"",""currency"":""EGP"",""price_status"":""official"",""payment_plan_text"":""unknown"",""delivery"":""unknown"",""source_url"":""https://www.palmhillsdevelopments.com/en-us/residential-properties/palm-hills-new-cairo"",""evidence_type"":""dom"",""screenshot_path"":"""",""captured_date"":""2026-02-10""},{""listing_id"":""palm_hills_new_cairo_phase_4_villa"",""zone_name"":""Phase 4"",""unit_type"":""Villa"",""bedrooms"":""unknown"",""bua_sqm"":""unknown"",""price_value"":""26900000"",""currency"":""EGP"",""price_status"":""official"",""payment_plan_text"":""unknown"",""delivery"":""unknown"",""source_url"":""https://www.palmhillsdevelopments.com/en-us/residential-properties/palm-hills-new-cairo"",""evidence_type"":""dom"",""screenshot_path"":"""",""captured_date"":""2026-02-10""},{""listing_id"":""palm_hills_new_cairo_phase_5_mixed"",""zone_name"":""Phase 5"",""unit_type"":""Mixed"",""bedrooms"":""unknown"",""bua_sqm"":""unknown"",""price_value"":""8900000"",""currency"":""EGP"",""price_status"":""official"",""payment_plan_text"":""unknown"",""delivery"":""unknown"",""source_url"":""https://www.palmhillsdevelopments.com/en-us/residential-properties/palm-hills-new-cairo"",""evidence_type"":""dom"",""screenshot_path"":"""",""captured_date"":""2026-02-10""}]"
palm_hills_october,Palm Hills October,Residential,https://www.palmhillsdevelopments.com/en-us/residential-properties/palm-hills-october,https://www.palmhillsdevelopments.com/en-us/residential-properties/palm-hills-october,https://www.palmhillsdevelopments.com/en-us/contactus,West,6th of October / West Cairo,,residential,delivered,not_selling,sold_out,[],,,,,,2026-02-10,Delivered/Operating,[],,,,,"[""https://www.palmhillsdevelopments.com/en-us/residential-properties/palm-hills-october""]",2026-02-10,0.5,"[""Delivered/Operating"",""BUA/bedroom data not published on official site; available in brochures.""]",[],[],[]
palm_parks,Palm Parks,Residential,https://www.palmhillsdevelopments.com/en-us/residential-properties/palm-parks,https://www.palmhillsdevelopments.com/en-us/residential-properties/palm-parks,https://www.palmhillsdevelopments.com/en-us/contactus,West,6th of October / West Cairo,,residential,delivered,not_selling,sold_out,[],,,,,,2026-02-10,Delivered/Operating,[],,,,,"[""https://www.palmhillsdevelopments.com/en-us/residential-properties/palm-parks""]",2026-02-10,0.5,"[""Delivered/Operating"",""BUA/bedroom data not published on official site; available in brochures.""]",[],[],[]
palm_valley,Palm Valley,Residential,https://www.palmhillsdevelopments.com/en-us/residential-properties/palm-valley,https://www.palmhillsdevelopments.com/en-us/residential-properties/palm-valley,https://www.palmhillsdevelopments.com/en-us/contactus,West,6th of October / West Cairo,,residential,delivered,not_selling,sold_out,[],,,,,,2026-02-10,Delivered/Operating,[],,,,,"[""https://www.palmhillsdevelopments.com/en-us/residential-properties/palm-valley""]",2026-02-10,0.5,"[""Delivered/Operating"",""BUA/bedroom data not published on official site; available in brochures.""]",[],[],[]
the_crown,The Crown,Residential,https://www.palmhillsdevelopments.com/en-us/residential-properties/the-crown,https://www.palmhillsdevelopments.com/en-us/residential-properties/the-crown,https://www.palmhillsdevelopments.com/en-us/contactus,West,6th of October / West Cairo,,residential,under_construction,selling,available,"[""Villa"",""Family Home""]",50100000.0,EGP,50100000.0,50100000.0,official,2026-02-10,Starting prices per phase card,[],,,,,"[""https://www.palmhillsdevelopments.com/en-us/residential-properties/the-crown""]",2026-02-10,0.8,"[""Starting prices per phase card"",""BUA/bedroom data not published on official site; available in brochures.""]","[{""zone_name"":""Phase 3"",""source_url"":""https://www.palmhillsdevelopments.com/en-us/residential-properties/the-crown"",""captured_date"":""2026-02-10""}]","[{""unit_type"":""Villa/Family Home"",""bedrooms"":""unknown"",""bua_range_min_sqm"":""unknown"",""bua_range_max_sqm"":""unknown"",""price_range_min"":""50100000"",""price_range_max"":""50100000"",""currency"":""EGP""}]","[{""listing_id"":""the_crown_phase_3_villa/family_home"",""zone_name"":""Phase 3"",""unit_type"":""Villa/Family Home"",""bedrooms"":""unknown"",""bua_sqm"":""unknown"",""price_value"":""50100000"",""currency"":""EGP"",""price_status"":""official"",""payment_plan_text"":""unknown"",""delivery"":""unknown"",""source_url"":""https://www.palmhillsdevelopments.com/en-us/residential-properties/the-crown"",""evidence_type"":""dom"",""screenshot_path"":"""",""captured_date"":""2026-02-10""}]"
the_crown_extension,The Crown Extension,Residential,https://www.palmhillsdevelopments.com/en-us/residential-properties/the-crown-extension,https://www.palmhillsdevelopments.com/en-us/residential-properties/the-crown-extension,https://www.palmhillsdevelopments.com/en-us/contactus,West,6th of October / West Cairo,,residential,under_construction,selling,available,"[""Family Home"",""Twin Home""]",28000000.0,EGP,28000000.0,34900000.0,official,2026-02-10,Starting prices per zone card,[],,,,,"[""https://www.palmhillsdevelopments.com/en-us/residential-properties/the-crown-extension""]",2026-02-10,0.8,"[""Starting prices per zone card"",""BUA/bedroom data not published on official site; available in brochures.""]","[{""zone_name"":""Family Homes"",""source_url"":""https://www.palmhillsdevelopments.com/en-us/residential-properties/the-crown-extension"",""captured_date"":""2026-02-10""},{""zone_name"":""Twin Homes"",""source_url"":""https://www.palmhillsdevelopments.com/en-us/residential-properties/the-crown-extension"",""captured_date"":""2026-02-10""}]","[{""unit_type"":""Family Home"",""bedrooms"":""unknown"",""bua_range_min_sqm"":""unknown"",""bua_range_max_sqm"":""unknown"",""price_range_min"":""28000000"",""price_range_max"":""28000000"",""currency"":""EGP""},{""unit_type"":""Twin Home"",""bedrooms"":""unknown"",""bua_range_min_sqm"":""unknown"",""bua_range_max_sqm"":""unknown"",""price_range_min"":""34900000"",""price_range_max"":""34900000"",""currency"":""EGP""}]","[{""listing_id"":""the_crown_extension_family_homes_family_home"",""zone_name"":""Family Homes"",""unit_type"":""Family Home"",""bedrooms"":""unknown"",""bua_sqm"":""unknown"",""price_value"":""28000000"",""currency"":""EGP"",""price_status"":""official"",""payment_plan_text"":""unknown"",""delivery"":""unknown"",""source_url"":""https://www.palmhillsdevelopments.com/en-us/residential-properties/the-crown-extension"",""evidence_type"":""dom"",""screenshot_path"":"""",""captured_date"":""2026-02-10""},{""listing_id"":""the_crown_extension_twin_homes_twin_home"",""zone_name"":""Twin Homes"",""unit_type"":""Twin Home"",""bedrooms"":""unknown"",""bua_sqm"":""unknown"",""price_value"":""34900000"",""currency"":""EGP"",""price_status"":""official"",""payment_plan_text"":""unknown"",""delivery"":""unknown"",""source_url"":""https://www.palmhillsdevelopments.com/en-us/residential-properties/the-crown-extension"",""evidence_type"":""dom"",""screenshot_path"":"""",""captured_date"":""2026-02-10""}]"
ritz_carlton_residences_cairo_palm_hills,"The Ritz-Carlton Residences Cairo, Palm Hills",Residential,,,https://www.palmhillsdevelopments.com/en-us/contactus,West,6th of October / West Cairo,,branded,,,,[],,,,,,2026-02-10,Project page not found,[],,,,,[],2026-02-10,0.3,"[""Project page not found on official site."",""Project page not found"",""BUA/bedroom data not published on official site; available in brochures.""]",[],[],[]
the_village,The Village,Residential,https://www.palmhillsdevelopments.com/en-us/residential-properties/the-village,https://www.palmhillsdevelopments.com/en-us/residential-properties/the-village,https://www.palmhillsdevelopments.com/en-us/contactus,East,New Cairo,,residential,delivered,not_selling,sold_out,[],,,,,,2026-02-10,Delivered/Operating,[],,,,,"[""https://www.palmhillsdevelopments.com/en-us/residential-properties/the-village""]",2026-02-10,0.5,"[""Delivered/Operating"",""BUA/bedroom data not published on official site; available in brochures.""]",[],[],[]
village_de_la_capitale,Village de la Capitale,Residential,,,https://www.palmhillsdevelopments.com/en-us/contactus,New_Capital,New Administrative Capital,,residential,,,,[],,,,,,2026-02-10,Project page not found,[],,,,,[],2026-02-10,0.3,"[""Project page not found on official site."",""Project page not found"",""BUA/bedroom data not published on official site; available in brochures.""]",[],[],[]
village_avenue,Village Avenue,Residential,https://www.palmhillsdevelopments.com/en-us/residential-properties/village-avenue,https://www.palmhillsdevelopments.com/en-us/residential-properties/village-avenue,https://www.palmhillsdevelopments.com/en-us/contactus,East,New Cairo,,residential,delivered,not_selling,sold_out,[],,,,,,2026-02-10,Delivered/Operating,[],,,,,"[""https://www.palmhillsdevelopments.com/en-us/residential-properties/village-avenue""]",2026-02-10,0.5,"[""Delivered/Operating"",""BUA/bedroom data not published on official site; available in brochures.""]",[],[],[]
village_gardens_katameya,Village Gardens Katameya,Residential,https://www.palmhillsdevelopments.com/en-us/residential-properties/village-gardens-katameya,https://www.palmhillsdevelopments.com/en-us/residential-properties/village-gardens-katameya,https://www.palmhillsdevelopments.com/en-us/contactus,East,New Cairo,Katameya,residential,delivered,not_selling,sold_out,[],,,,,,2026-02-10,Delivered/Operating,[],,,,,"[""https://www.palmhillsdevelopments.com/en-us/residential-properties/village-gardens-katameya""]",2026-02-10,0.5,"[""Delivered/Operating"",""BUA/bedroom data not published on official site; available in brochures.""]",[],[],[]
village_gate,Village Gate,Residential,https://www.palmhillsdevelopments.com/en-us/residential-properties/village-gate,https://www.palmhillsdevelopments.com/en-us/residential-properties/village-gate,https://www.palmhillsdevelopments.com/en-us/contactus,East,New Cairo,,residential,delivered,not_selling,sold_out,[],,,,,,2026-02-10,Delivered/Operating,[],,,,,"[""https://www.palmhillsdevelopments.com/en-us/residential-properties/village-gate""]",2026-02-10,0.5,"[""Delivered/Operating"",""BUA/bedroom data not published on official site; available in brochures.""]",[],[],[]
woodville,WoodVille,Residential,https://www.palmhillsdevelopments.com/en-us/residential-properties/woodville,https://www.palmhillsdevelopments.com/en-us/residential-properties/woodville,https://www.palmhillsdevelopments.com/en-us/contactus,West,6th of October / West Cairo,,residential,delivered,not_selling,sold_out,[],,,,,,2026-02-10,Delivered/Operating,[],,,,,"[""https://www.palmhillsdevelopments.com/en-us/residential-properties/woodville""]",2026-02-10,0.5,"[""Delivered/Operating"",""BUA/bedroom data not published on official site; available in brochures.""]",[],[],[]
crown_central,Crown Central,Commercial,https://www.palmhillsdevelopments.com/en-us/commercial-properties/crown-central,https://www.palmhillsdevelopments.com/en-us/commercial-properties/crown-central,https://www.palmhillsdevelopments.com/en-us/contactus,West,6th of October / West Cairo,,commercial,under_construction,selling,available,"[""Office"",""Retail"",""F&B""]",,,,,on_request,2026-02-10,Commercial pricing on request,[],,,,,"[""https://www.palmhillsdevelopments.com/en-us/commercial-properties/crown-central""]",2026-02-10,0.7,"[""Commercial pricing on request"",""Pricing on request — contact Palm Hills."",""BUA/bedroom data not published on official site; available in brochures.""]","[{""zone_name"":""Office Spaces"",""source_url"":""https://www.palmhillsdevelopments.com/en-us/commercial-properties/crown-central"",""captured_date"":""2026-02-10""},{""zone_name"":""Retail"",""source_url"":""https://www.palmhillsdevelopments.com/en-us/commercial-properties/crown-central"",""captured_date"":""2026-02-10""},{""zone_name"":""F&B"",""source_url"":""https://www.palmhillsdevelopments.com/en-us/commercial-properties/crown-central"",""captured_date"":""2026-02-10""}]","[{""unit_type"":""Office"",""bedrooms"":""unknown"",""bua_range_min_sqm"":""unknown"",""bua_range_max_sqm"":""unknown"",""price_range_min"":""unknown"",""price_range_max"":""unknown"",""currency"":""unknown""},{""unit_type"":""Retail"",""bedrooms"":""unknown"",""bua_range_min_sqm"":""unknown"",""bua_range_max_sqm"":""unknown"",""price_range_min"":""unknown"",""price_range_max"":""unknown"",""currency"":""unknown""},{""unit_type"":""F&B"",""bedrooms"":""unknown"",""bua_range_min_sqm"":""unknown"",""bua_range_max_sqm"":""unknown"",""price_range_min"":""unknown"",""price_range_max"":""unknown"",""currency"":""unknown""}]","[{""listing_id"":""crown_central_office_spaces_office"",""zone_name"":""Office Spaces"",""unit_type"":""Office"",""bedrooms"":""unknown"",""bua_sqm"":""unknown"",""price_value"":""on_request"",""currency"":""unknown"",""price_status"":""on_request"",""payment_plan_text"":""unknown"",""delivery"":""unknown"",""source_url"":""https://www.palmhillsdevelopments.com/en-us/commercial-properties/crown-central"",""evidence_type"":""dom"",""screenshot_path"":"""",""captured_date"":""2026-02-10""},{""listing_id"":""crown_central_retail_retail"",""zone_name"":""Retail"",""unit_type"":""Retail"",""bedrooms"":""unknown"",""bua_sqm"":""unknown"",""price_value"":""on_request"",""currency"":""unknown"",""price_status"":""on_request"",""payment_plan_text"":""unknown"",""delivery"":""unknown"",""source_url"":""https://www.palmhillsdevelopments.com/en-us/commercial-properties/crown-central"",""evidence_type"":""dom"",""screenshot_path"":"""",""captured_date"":""2026-02-10""},{""listing_id"":""crown_central_f&b_f&b"",""zone_name"":""F&B"",""unit_type"":""F&B"",""bedrooms"":""unknown"",""bua_sqm"":""unknown"",""price_value"":""on_request"",""currency"":""unknown"",""price_status"":""on_request"",""payment_plan_text"":""unknown"",""delivery"":""unknown"",""source_url"":""https://www.palmhillsdevelopments.com/en-us/commercial-properties/crown-central"",""evidence_type"":""dom"",""screenshot_path"":"""",""captured_date"":""2026-02-10""}]"
palmet_october,Palmet October,Commercial,https://www.palmhillsdevelopments.com/en-us/commercial-properties/palmet-october,https://www.palmhillsdevelopments.com/en-us/commercial-properties/palmet-october,https://www.palmhillsdevelopments.com/en-us/contactus,West,6th of October / West Cairo,,commercial,under_construction,selling,available,"[""F&B"",""Retail"",""Office""]",,,,,on_request,2026-02-10,Commercial pricing on request,[],,,,,"[""https://www.palmhillsdevelopments.com/en-us/commercial-properties/palmet-october""]",2026-02-10,0.7,"[""Commercial pricing on request"",""Pricing on request — contact Palm Hills."",""BUA/bedroom data not published on official site; available in brochures.""]","[{""zone_name"":""F&B"",""source_url"":""https://www.palmhillsdevelopments.com/en-us/commercial-properties/palmet-october"",""captured_date"":""2026-02-10""},{""zone_name"":""Retail"",""source_url"":""https://www.palmhillsdevelopments.com/en-us/commercial-properties/palmet-october"",""captured_date"":""2026-02-10""},{""zone_name"":""Office spaces"",""source_url"":""https://www.palmhillsdevelopments.com/en-us/commercial-properties/palmet-october"",""captured_date"":""2026-02-10""}]","[{""unit_type"":""F&B"",""bedrooms"":""unknown"",""bua_range_min_sqm"":""unknown"",""bua_range_max_sqm"":""unknown"",""price_range_min"":""unknown"",""price_range_max"":""unknown"",""currency"":""unknown""},{""unit_type"":""Retail"",""bedrooms"":""unknown"",""bua_range_min_sqm"":""unknown"",""bua_range_max_sqm"":""unknown"",""price_range_min"":""unknown"",""price_range_max"":""unknown"",""currency"":""unknown""},{""unit_type"":""Office"",""bedrooms"":""unknown"",""bua_range_min_sqm"":""unknown"",""bua_range_max_sqm"":""unknown"",""price_range_min"":""unknown"",""price_range_max"":""unknown"",""currency"":""unknown""}]","[{""listing_id"":""palmet_october_f&b_f&b"",""zone_name"":""F&B"",""unit_type"":""F&B"",""bedrooms"":""unknown"",""bua_sqm"":""unknown"",""price_value"":""on_request"",""currency"":""unknown"",""price_status"":""on_request"",""payment_plan_text"":""unknown"",""delivery"":""unknown"",""source_url"":""https://www.palmhillsdevelopments.com/en-us/commercial-properties/palmet-october"",""evidence_type"":""dom"",""screenshot_path"":"""",""captured_date"":""2026-02-10""},{""listing_id"":""palmet_october_retail_retail"",""zone_name"":""Retail"",""unit_type"":""Retail"",""bedrooms"":""unknown"",""bua_sqm"":""unknown"",""price_value"":""on_request"",""currency"":""unknown"",""price_status"":""on_request"",""payment_plan_text"":""unknown"",""delivery"":""unknown"",""source_url"":""https://www.palmhillsdevelopments.com/en-us/commercial-properties/palmet-october"",""evidence_type"":""dom"",""screenshot_path"":"""",""captured_date"":""2026-02-10""},{""listing_id"":""palmet_october_office_spaces_office"",""zone_name"":""Office spaces"",""unit_type"":""Office"",""bedrooms"":""unknown"",""bua_sqm"":""unknown"",""price_value"":""on_request"",""currency"":""unknown"",""price_status"":""on_request"",""payment_plan_text"":""unknown"",""delivery"":""unknown"",""source_url"":""https://www.palmhillsdevelopments.com/en-us/commercial-properties/palmet-october"",""evidence_type"":""dom"",""screenshot_path"":"""",""captured_date"":""2026-02-10""}]"
palmet_new_cairo,Palmet New Cairo,Commercial,https://www.palmhillsdevelopments.com/en-us/commercial-properties/palmet-new-cairo,https://www.palmhillsdevelopments.com/en-us/commercial-properties/palmet-new-cairo,https://www.palmhillsdevelopments.com/en-us/contactus,East,New Cairo,,commercial,under_construction,selling,available,"[""Office""]",,,,,on_request,2026-02-10,Commercial pricing on request,[],,,,,"[""https://www.palmhillsdevelopments.com/en-us/commercial-properties/palmet-new-cairo""]",2026-02-10,0.7,"[""Commercial pricing on request"",""Pricing on request — contact Palm Hills."",""BUA/bedroom data not published on official site; available in brochures.""]","[{""zone_name"":""Office spaces"",""source_url"":""https://www.palmhillsdevelopments.com/en-us/commercial-properties/palmet-new-cairo"",""captured_date"":""2026-02-10""}]","[{""unit_type"":""Office"",""bedrooms"":""unknown"",""bua_range_min_sqm"":""unknown"",""bua_range_max_sqm"":""unknown"",""price_range_min"":""unknown"",""price_range_max"":""unknown"",""currency"":""unknown""}]","[{""listing_id"":""palmet_new_cairo_office_spaces_office"",""zone_name"":""Office spaces"",""unit_type"":""Office"",""bedrooms"":""unknown"",""bua_sqm"":""unknown"",""price_value"":""on_request"",""currency"":""unknown"",""price_status"":""on_request"",""payment_plan_text"":""unknown"",""delivery"":""unknown"",""source_url"":""https://www.palmhillsdevelopments.com/en-us/commercial-properties/palmet-new-cairo"",""evidence_type"":""dom"",""screenshot_path"":"""",""captured_date"":""2026-02-10""}]"
village_gate_mall,Village Gate Mall,Commercial,https://www.palmhillsdevelopments.com/en-us/commercial-properties/village-gate-mall,https://www.palmhillsdevelopments.com/en-us/commercial-properties/village-gate-mall,https://www.palmhillsdevelopments.com/en-us/contactus,East,New Cairo,,commercial,under_construction,selling,available,"[""Office"",""Clinic""]",,,,,on_request,2026-02-10,Commercial pricing on request,[],,,,,"[""https://www.palmhillsdevelopments.com/en-us/commercial-properties/village-gate-mall""]",2026-02-10,0.7,"[""Commercial pricing on request"",""Pricing on request — contact Palm Hills."",""BUA/bedroom data not published on official site; available in brochures.""]","[{""zone_name"":""Offices"",""source_url"":""https://www.palmhillsdevelopments.com/en-us/commercial-properties/village-gate-mall"",""captured_date"":""2026-02-10""},{""zone_name"":""Clinics"",""source_url"":""https://www.palmhillsdevelopments.com/en-us/commercial-properties/village-gate-mall"",""captured_date"":""2026-02-10""}]","[{""unit_type"":""Office"",""bedrooms"":""unknown"",""bua_range_min_sqm"":""unknown"",""bua_range_max_sqm"":""unknown"",""price_range_min"":""unknown"",""price_range_max"":""unknown"",""currency"":""unknown""},{""unit_type"":""Clinic"",""bedrooms"":""unknown"",""bua_range_min_sqm"":""unknown"",""bua_range_max_sqm"":""unknown"",""price_range_min"":""unknown"",""price_range_max"":""unknown"",""currency"":""unknown""}]","[{""listing_id"":""village_gate_mall_offices_office"",""zone_name"":""Offices"",""unit_type"":""Office"",""bedrooms"":""unknown"",""bua_sqm"":""unknown"",""price_value"":""on_request"",""currency"":""unknown"",""price_status"":""on_request"",""payment_plan_text"":""unknown"",""delivery"":""unknown"",""source_url"":""https://www.palmhillsdevelopments.com/en-us/commercial-properties/village-gate-mall"",""evidence_type"":""dom"",""screenshot_path"":"""",""captured_date"":""2026-02-10""},{""listing_id"":""village_gate_mall_clinics_clinic"",""zone_name"":""Clinics"",""unit_type"":""Clinic"",""bedrooms"":""unknown"",""bua_sqm"":""unknown"",""price_value"":""on_request"",""currency"":""unknown"",""price_status"":""on_request"",""payment_plan_text"":""unknown"",""delivery"":""unknown"",""source_url"":""https://www.palmhillsdevelopments.com/en-us/commercial-properties/village-gate-mall"",""evidence_type"":""dom"",""screenshot_path"":"""",""captured_date"":""2026-02-10""}]"
golf_central,Golf Central,Commercial,https://www.palmhillsdevelopments.com/en-us/commercial-properties/golf-central,https://www.palmhillsdevelopments.com/en-us/commercial-properties/golf-central,https://www.palmhillsdevelopments.com/en-us/contactus,West,6th of October / West Cairo,,commercial,under_construction,selling,available,[],,,,,on_request,2026-02-10,No zones displayed; pricing on request,[],,,,,"[""https://www.palmhillsdevelopments.com/en-us/commercial-properties/golf-central""]",2026-02-10,0.5,"[""No zones displayed; pricing on request"",""Pricing on request — contact Palm Hills."",""BUA/bedroom data not published on official site; available in brochures.""]",[],[],[]
hale_town,Hale Town,Commercial,https://www.palmhillsdevelopments.com/en-us/commercial-properties/hale-town,https://www.palmhillsdevelopments.com/en-us/commercial-properties/hale-town,https://www.palmhillsdevelopments.com/en-us/contactus,West,6th of October / West Cairo,,commercial,under_construction,selling,available,[],,,,,on_request,2026-02-10,No zones displayed; pricing on request,[],,,,,"[""https://www.palmhillsdevelopments.com/en-us/commercial-properties/hale-town""]",2026-02-10,0.5,"[""No zones displayed; pricing on request"",""Pricing on request — contact Palm Hills."",""BUA/bedroom data not published on official site; available in brochures.""]",[],[],[]
lakeyard,Lakeyard,Commercial,https://www.palmhillsdevelopments.com/en-us/commercial-properties/lakeyard,https://www.palmhillsdevelopments.com/en-us/commercial-properties/lakeyard,https://www.palmhillsdevelopments.com/en-us/contactus,Coast,North Coast,Hacienda Bay,commercial,delivered,not_selling,sold_out,[],,,,,,2026-02-10,Delivered/Operating,[],,,,,"[""https://www.palmhillsdevelopments.com/en-us/commercial-properties/lakeyard""]",2026-02-10,0.5,"[""Delivered/Operating"",""BUA/bedroom data not published on official site; available in brochures.""]",[],[],[]
palm_central,Palm Central,Commercial,https://www.palmhillsdevelopments.com/en-us/commercial-properties/palm-central,https://www.palmhillsdevelopments.com/en-us/commercial-properties/palm-central,https://www.palmhillsdevelopments.com/en-us/contactus,West,6th of October / West Cairo,,commercial,delivered,not_selling,sold_out,[],,,,,,2026-02-10,Delivered/Operating,[],,,,,"[""https://www.palmhillsdevelopments.com/en-us/commercial-properties/palm-central""]",2026-02-10,0.5,"[""Delivered/Operating"",""BUA/bedroom data not published on official site; available in brochures.""]",[],[],[]
the_lane,The Lane,Commercial,https://www.palmhillsdevelopments.com/en-us/commercial-properties/the-lane,https://www.palmhillsdevelopments.com/en-us/commercial-properties/the-lane,https://www.palmhillsdevelopments.com/en-us/contactus,West,6th of October / West Cairo,,commercial,delivered,not_selling,sold_out,[],,,,,,2026-02-10,Delivered/Operating,[],,,,,"[""https://www.palmhillsdevelopments.com/en-us/commercial-properties/the-lane""]",2026-02-10,0.5,"[""Delivered/Operating"",""BUA/bedroom data not published on official site; available in brochures.""]",[],[],[]
st_88,St. 88,Commercial,,,https://www.palmhillsdevelopments.com/en-us/contactus,,,,commercial,,,,[],,,,,,2026-02-10,Project page not found,[],,,,,[],2026-02-10,0.3,"[""Project page not found on official site."",""Project page not found"",""BUA/bedroom data not published on official site; available in brochures.""]",[],[],[]
